{
  "version": "0",
  "id": "35cb2483-17e4-6fd0-a02d-42ad11b057ea",
  "detail-type": "Loyalty_membership_updated",
  "source": "Zuora",
  "account": "411594746570",
  "time": "2024-06-25T13:44:15Z",
  "region": "eu-west-1",
  "resources": [],
  "detail": {
    "metadata": { "correlation_id": "f18d0bc8e9b904edae604f8c18330328", "zuora_track_id": "WF-25008040-7870-22282-83130" },
    "data": {
      "source": "kong",
      "membership_id": "00005513",
      "added_date": "2024-06-25",
      "first_name": "Manju",
      "last_name": "Tripathi",
      "title": "Miss",
      "email": "manju.a.tripathi@accenture.com",
      "dob": "1989-04-18",
      "company": "",
      "address": "street number ,7",
      "address2": "",
      "address3": "",
      "city": "London",
      "postcode": "12345",
      "telephone": "+44-12345678",
      "mobile_telephone": "+44-12345678",
      "app_status": "Completed",
      "country_name": "United Kingdom",
      "language": "",
      "strCurrency": "GBP",
      "expiry_date": "2025-06-25",
      "expiry_month": "06",
      "expiry_year": "2025",
      "autorenew": "Y",
      "card_amount": "249.00",
      "voucher_code": "",
      "timedate": "2024-06-25T13:18:22",
      "card_number": "",
      "membership_type": "Primary",
      "membership_purchased_count": "1",
      "event_type": "New"
    }
  }
}
