[
  {
    "EventBusName": "ancillaryPricing",
    "DetailType": "priceUpdate",
    "Source": "rms",
    "Detail": "{\n  \"type\": \"Flight\",\n  \"productCode\": \"LARGE_CABIN_BAG\",\n  \"flightKey\": \"20230830AGPCDG7043\",\n  \"chargeCode\": \"SCB1\",\n  \"productTypeCode\": \"10\",\n  \"productGroupCode\": \"10_10\",\n  \"productSubgroupCode\": \"10_10_10\",\n  \"prices\": [\n    { \"currency\": \"CHF\", \"price\": 23.45 },\n    { \"currency\": \"CZK\", \"price\": 489.0 },\n    { \"currency\": \"DKK\", \"price\": 153.5 },\n    { \"currency\": \"EUR\", \"price\": 20.99 },\n    { \"currency\": \"GBP\", \"price\": 15.99 },\n    { \"currency\": \"HUF\", \"price\": 6195.0 },\n    { \"currency\": \"MAD\", \"price\": 209.0 },\n    { \"currency\": \"PLN\", \"price\": 80.0 },\n    { \"currency\": \"SEK\", \"price\": 169.0 },\n    { \"currency\": \"USD\", \"price\": 24.49 }\n  ]\n}"
  }
]